"participantId","trial_obs_order","obj","obs_source","videoFileName"
1,10,"screwdriver","0","screwdriver_0.mp4"
1,13,"lighter","0","lighter_0.mp4"
1,7,"sunglasses","0","sunglasses_0.mp4"
1,9,"pen","65","pen_65.mp4"
1,21,"cup","65","cup_65.mp4"
1,24,"hairdryer","0","hairdryer_0.mp4"
1,22,"serving-spoon","15","serving-spoon_15.mp4"
1,6,"box-cutter","65","box-cutter_65.mp4"
1,20,"tin-can","65","tin-can_65.mp4"
1,2,"paint-palette","0","paint-palette_0.mp4"
1,23,"book","15","book_15.mp4"
1,5,"rubberduck","15","rubberduck_15.mp4"
1,8,"candle","0","candle_0.mp4"
1,15,"calculator","0","calculator_0.mp4"
1,1,"hanger","0","hanger_0.mp4"
1,16,"clock","0","clock_0.mp4"
1,3,"scissors","0","scissors_0.mp4"
1,19,"usb-drive","65","usb-drive_65.mp4"
1,17,"computer-mouse","0","computer-mouse_0.mp4"
1,14,"toothbrush","15","toothbrush_15.mp4"
1,12,"banana","15","banana_15.mp4"
1,18,"lemon","0","lemon_0.mp4"
1,4,"keys","65","keys_65.mp4"
1,11,"apple","15","apple_15.mp4"
2,10,"screwdriver","0","screwdriver_0.mp4"
2,13,"lighter","0","lighter_0.mp4"
2,7,"sunglasses","0","sunglasses_0.mp4"
2,9,"pen","65","pen_65.mp4"
2,21,"cup","65","cup_65.mp4"
2,24,"hairdryer","0","hairdryer_0.mp4"
2,22,"serving-spoon","15","serving-spoon_15.mp4"
2,6,"box-cutter","65","box-cutter_65.mp4"
2,20,"tin-can","65","tin-can_65.mp4"
2,2,"paint-palette","0","paint-palette_0.mp4"
2,23,"book","15","book_15.mp4"
2,5,"rubberduck","15","rubberduck_15.mp4"
2,8,"candle","0","candle_0.mp4"
2,15,"calculator","0","calculator_0.mp4"
2,1,"hanger","0","hanger_0.mp4"
2,16,"clock","0","clock_0.mp4"
2,3,"scissors","0","scissors_0.mp4"
2,19,"usb-drive","65","usb-drive_65.mp4"
2,17,"computer-mouse","0","computer-mouse_0.mp4"
2,14,"toothbrush","15","toothbrush_15.mp4"
2,12,"banana","15","banana_15.mp4"
2,18,"lemon","0","lemon_0.mp4"
2,4,"keys","65","keys_65.mp4"
2,11,"apple","15","apple_15.mp4"
3,10,"screwdriver","0","screwdriver_0.mp4"
3,13,"lighter","0","lighter_0.mp4"
3,7,"sunglasses","0","sunglasses_0.mp4"
3,9,"pen","65","pen_65.mp4"
3,21,"cup","65","cup_65.mp4"
3,24,"hairdryer","0","hairdryer_0.mp4"
3,22,"serving-spoon","15","serving-spoon_15.mp4"
3,6,"box-cutter","65","box-cutter_65.mp4"
3,20,"tin-can","65","tin-can_65.mp4"
3,2,"paint-palette","0","paint-palette_0.mp4"
3,23,"book","15","book_15.mp4"
3,5,"rubberduck","15","rubberduck_15.mp4"
3,8,"candle","0","candle_0.mp4"
3,15,"calculator","0","calculator_0.mp4"
3,1,"hanger","0","hanger_0.mp4"
3,16,"clock","0","clock_0.mp4"
3,3,"scissors","0","scissors_0.mp4"
3,19,"usb-drive","65","usb-drive_65.mp4"
3,17,"computer-mouse","0","computer-mouse_0.mp4"
3,14,"toothbrush","15","toothbrush_15.mp4"
3,12,"banana","15","banana_15.mp4"
3,18,"lemon","0","lemon_0.mp4"
3,4,"keys","65","keys_65.mp4"
3,11,"apple","15","apple_15.mp4"
4,10,"screwdriver","65","screwdriver_65.mp4"
4,13,"lighter","15","lighter_15.mp4"
4,7,"sunglasses","15","sunglasses_15.mp4"
4,9,"pen","0","pen_0.mp4"
4,21,"cup","0","cup_0.mp4"
4,24,"hairdryer","65","hairdryer_65.mp4"
4,22,"serving-spoon","0","serving-spoon_0.mp4"
4,6,"box-cutter","0","box-cutter_0.mp4"
4,20,"tin-can","0","tin-can_0.mp4"
4,2,"paint-palette","65","paint-palette_65.mp4"
4,23,"book","0","book_0.mp4"
4,5,"rubberduck","0","rubberduck_0.mp4"
4,8,"candle","15","candle_15.mp4"
4,15,"calculator","65","calculator_65.mp4"
4,1,"hanger","15","hanger_15.mp4"
4,16,"clock","15","clock_15.mp4"
4,3,"scissors","65","scissors_65.mp4"
4,19,"usb-drive","0","usb-drive_0.mp4"
4,17,"computer-mouse","15","computer-mouse_15.mp4"
4,14,"toothbrush","0","toothbrush_0.mp4"
4,12,"banana","0","banana_0.mp4"
4,18,"lemon","65","lemon_65.mp4"
4,4,"keys","0","keys_0.mp4"
4,11,"apple","0","apple_0.mp4"
5,10,"screwdriver","0","screwdriver_0.mp4"
5,13,"lighter","0","lighter_0.mp4"
5,7,"sunglasses","0","sunglasses_0.mp4"
5,9,"pen","65","pen_65.mp4"
5,21,"cup","65","cup_65.mp4"
5,24,"hairdryer","0","hairdryer_0.mp4"
5,22,"serving-spoon","15","serving-spoon_15.mp4"
5,6,"box-cutter","65","box-cutter_65.mp4"
5,20,"tin-can","65","tin-can_65.mp4"
5,2,"paint-palette","0","paint-palette_0.mp4"
5,23,"book","15","book_15.mp4"
5,5,"rubberduck","15","rubberduck_15.mp4"
5,8,"candle","0","candle_0.mp4"
5,15,"calculator","0","calculator_0.mp4"
5,1,"hanger","0","hanger_0.mp4"
5,16,"clock","0","clock_0.mp4"
5,3,"scissors","0","scissors_0.mp4"
5,19,"usb-drive","65","usb-drive_65.mp4"
5,17,"computer-mouse","0","computer-mouse_0.mp4"
5,14,"toothbrush","15","toothbrush_15.mp4"
5,12,"banana","15","banana_15.mp4"
5,18,"lemon","0","lemon_0.mp4"
5,4,"keys","65","keys_65.mp4"
5,11,"apple","15","apple_15.mp4"
6,10,"screwdriver","65","screwdriver_65.mp4"
6,13,"lighter","15","lighter_15.mp4"
6,7,"sunglasses","15","sunglasses_15.mp4"
6,9,"pen","0","pen_0.mp4"
6,21,"cup","0","cup_0.mp4"
6,24,"hairdryer","65","hairdryer_65.mp4"
6,22,"serving-spoon","0","serving-spoon_0.mp4"
6,6,"box-cutter","0","box-cutter_0.mp4"
6,20,"tin-can","0","tin-can_0.mp4"
6,2,"paint-palette","65","paint-palette_65.mp4"
6,23,"book","0","book_0.mp4"
6,5,"rubberduck","0","rubberduck_0.mp4"
6,8,"candle","15","candle_15.mp4"
6,15,"calculator","65","calculator_65.mp4"
6,1,"hanger","15","hanger_15.mp4"
6,16,"clock","15","clock_15.mp4"
6,3,"scissors","65","scissors_65.mp4"
6,19,"usb-drive","0","usb-drive_0.mp4"
6,17,"computer-mouse","15","computer-mouse_15.mp4"
6,14,"toothbrush","0","toothbrush_0.mp4"
6,12,"banana","0","banana_0.mp4"
6,18,"lemon","65","lemon_65.mp4"
6,4,"keys","0","keys_0.mp4"
6,11,"apple","0","apple_0.mp4"
7,10,"screwdriver","65","screwdriver_65.mp4"
7,13,"lighter","15","lighter_15.mp4"
7,7,"sunglasses","15","sunglasses_15.mp4"
7,9,"pen","0","pen_0.mp4"
7,21,"cup","0","cup_0.mp4"
7,24,"hairdryer","65","hairdryer_65.mp4"
7,22,"serving-spoon","0","serving-spoon_0.mp4"
7,6,"box-cutter","0","box-cutter_0.mp4"
7,20,"tin-can","0","tin-can_0.mp4"
7,2,"paint-palette","65","paint-palette_65.mp4"
7,23,"book","0","book_0.mp4"
7,5,"rubberduck","0","rubberduck_0.mp4"
7,8,"candle","15","candle_15.mp4"
7,15,"calculator","65","calculator_65.mp4"
7,1,"hanger","15","hanger_15.mp4"
7,16,"clock","15","clock_15.mp4"
7,3,"scissors","65","scissors_65.mp4"
7,19,"usb-drive","0","usb-drive_0.mp4"
7,17,"computer-mouse","15","computer-mouse_15.mp4"
7,14,"toothbrush","0","toothbrush_0.mp4"
7,12,"banana","0","banana_0.mp4"
7,18,"lemon","65","lemon_65.mp4"
7,4,"keys","0","keys_0.mp4"
7,11,"apple","0","apple_0.mp4"
8,10,"screwdriver","65","screwdriver_65.mp4"
8,13,"lighter","15","lighter_15.mp4"
8,7,"sunglasses","15","sunglasses_15.mp4"
8,9,"pen","0","pen_0.mp4"
8,21,"cup","0","cup_0.mp4"
8,24,"hairdryer","65","hairdryer_65.mp4"
8,22,"serving-spoon","0","serving-spoon_0.mp4"
8,6,"box-cutter","0","box-cutter_0.mp4"
8,20,"tin-can","0","tin-can_0.mp4"
8,2,"paint-palette","65","paint-palette_65.mp4"
8,23,"book","0","book_0.mp4"
8,5,"rubberduck","0","rubberduck_0.mp4"
8,8,"candle","15","candle_15.mp4"
8,15,"calculator","65","calculator_65.mp4"
8,1,"hanger","15","hanger_15.mp4"
8,16,"clock","15","clock_15.mp4"
8,3,"scissors","65","scissors_65.mp4"
8,19,"usb-drive","0","usb-drive_0.mp4"
8,17,"computer-mouse","15","computer-mouse_15.mp4"
8,14,"toothbrush","0","toothbrush_0.mp4"
8,12,"banana","0","banana_0.mp4"
8,18,"lemon","65","lemon_65.mp4"
8,4,"keys","0","keys_0.mp4"
8,11,"apple","0","apple_0.mp4"
9,10,"screwdriver","0","screwdriver_0.mp4"
9,13,"lighter","0","lighter_0.mp4"
9,7,"sunglasses","0","sunglasses_0.mp4"
9,9,"pen","65","pen_65.mp4"
9,21,"cup","65","cup_65.mp4"
9,24,"hairdryer","0","hairdryer_0.mp4"
9,22,"serving-spoon","15","serving-spoon_15.mp4"
9,6,"box-cutter","65","box-cutter_65.mp4"
9,20,"tin-can","65","tin-can_65.mp4"
9,2,"paint-palette","0","paint-palette_0.mp4"
9,23,"book","15","book_15.mp4"
9,5,"rubberduck","15","rubberduck_15.mp4"
9,8,"candle","0","candle_0.mp4"
9,15,"calculator","0","calculator_0.mp4"
9,1,"hanger","0","hanger_0.mp4"
9,16,"clock","0","clock_0.mp4"
9,3,"scissors","0","scissors_0.mp4"
9,19,"usb-drive","65","usb-drive_65.mp4"
9,17,"computer-mouse","0","computer-mouse_0.mp4"
9,14,"toothbrush","15","toothbrush_15.mp4"
9,12,"banana","15","banana_15.mp4"
9,18,"lemon","0","lemon_0.mp4"
9,4,"keys","65","keys_65.mp4"
9,11,"apple","15","apple_15.mp4"
10,10,"screwdriver","0","screwdriver_0.mp4"
10,13,"lighter","0","lighter_0.mp4"
10,7,"sunglasses","0","sunglasses_0.mp4"
10,9,"pen","15","pen_15.mp4"
10,21,"cup","15","cup_15.mp4"
10,24,"hairdryer","0","hairdryer_0.mp4"
10,22,"serving-spoon","65","serving-spoon_65.mp4"
10,6,"box-cutter","15","box-cutter_15.mp4"
10,20,"tin-can","15","tin-can_15.mp4"
10,2,"paint-palette","0","paint-palette_0.mp4"
10,23,"book","65","book_65.mp4"
10,5,"rubberduck","65","rubberduck_65.mp4"
10,8,"candle","0","candle_0.mp4"
10,15,"calculator","0","calculator_0.mp4"
10,1,"hanger","0","hanger_0.mp4"
10,16,"clock","0","clock_0.mp4"
10,3,"scissors","0","scissors_0.mp4"
10,19,"usb-drive","15","usb-drive_15.mp4"
10,17,"computer-mouse","0","computer-mouse_0.mp4"
10,14,"toothbrush","65","toothbrush_65.mp4"
10,12,"banana","65","banana_65.mp4"
10,18,"lemon","0","lemon_0.mp4"
10,4,"keys","15","keys_15.mp4"
10,11,"apple","65","apple_65.mp4"
11,10,"screwdriver","15","screwdriver_15.mp4"
11,13,"lighter","65","lighter_65.mp4"
11,7,"sunglasses","65","sunglasses_65.mp4"
11,9,"pen","0","pen_0.mp4"
11,21,"cup","0","cup_0.mp4"
11,24,"hairdryer","15","hairdryer_15.mp4"
11,22,"serving-spoon","0","serving-spoon_0.mp4"
11,6,"box-cutter","0","box-cutter_0.mp4"
11,20,"tin-can","0","tin-can_0.mp4"
11,2,"paint-palette","15","paint-palette_15.mp4"
11,23,"book","0","book_0.mp4"
11,5,"rubberduck","0","rubberduck_0.mp4"
11,8,"candle","65","candle_65.mp4"
11,15,"calculator","15","calculator_15.mp4"
11,1,"hanger","65","hanger_65.mp4"
11,16,"clock","65","clock_65.mp4"
11,3,"scissors","15","scissors_15.mp4"
11,19,"usb-drive","0","usb-drive_0.mp4"
11,17,"computer-mouse","65","computer-mouse_65.mp4"
11,14,"toothbrush","0","toothbrush_0.mp4"
11,12,"banana","0","banana_0.mp4"
11,18,"lemon","15","lemon_15.mp4"
11,4,"keys","0","keys_0.mp4"
11,11,"apple","0","apple_0.mp4"
12,10,"screwdriver","0","screwdriver_0.mp4"
12,13,"lighter","0","lighter_0.mp4"
12,7,"sunglasses","0","sunglasses_0.mp4"
12,9,"pen","15","pen_15.mp4"
12,21,"cup","15","cup_15.mp4"
12,24,"hairdryer","0","hairdryer_0.mp4"
12,22,"serving-spoon","65","serving-spoon_65.mp4"
12,6,"box-cutter","15","box-cutter_15.mp4"
12,20,"tin-can","15","tin-can_15.mp4"
12,2,"paint-palette","0","paint-palette_0.mp4"
12,23,"book","65","book_65.mp4"
12,5,"rubberduck","65","rubberduck_65.mp4"
12,8,"candle","0","candle_0.mp4"
12,15,"calculator","0","calculator_0.mp4"
12,1,"hanger","0","hanger_0.mp4"
12,16,"clock","0","clock_0.mp4"
12,3,"scissors","0","scissors_0.mp4"
12,19,"usb-drive","15","usb-drive_15.mp4"
12,17,"computer-mouse","0","computer-mouse_0.mp4"
12,14,"toothbrush","65","toothbrush_65.mp4"
12,12,"banana","65","banana_65.mp4"
12,18,"lemon","0","lemon_0.mp4"
12,4,"keys","15","keys_15.mp4"
12,11,"apple","65","apple_65.mp4"
13,10,"screwdriver","0","screwdriver_0.mp4"
13,13,"lighter","0","lighter_0.mp4"
13,7,"sunglasses","0","sunglasses_0.mp4"
13,9,"pen","15","pen_15.mp4"
13,21,"cup","15","cup_15.mp4"
13,24,"hairdryer","0","hairdryer_0.mp4"
13,22,"serving-spoon","65","serving-spoon_65.mp4"
13,6,"box-cutter","15","box-cutter_15.mp4"
13,20,"tin-can","15","tin-can_15.mp4"
13,2,"paint-palette","0","paint-palette_0.mp4"
13,23,"book","65","book_65.mp4"
13,5,"rubberduck","65","rubberduck_65.mp4"
13,8,"candle","0","candle_0.mp4"
13,15,"calculator","0","calculator_0.mp4"
13,1,"hanger","0","hanger_0.mp4"
13,16,"clock","0","clock_0.mp4"
13,3,"scissors","0","scissors_0.mp4"
13,19,"usb-drive","15","usb-drive_15.mp4"
13,17,"computer-mouse","0","computer-mouse_0.mp4"
13,14,"toothbrush","65","toothbrush_65.mp4"
13,12,"banana","65","banana_65.mp4"
13,18,"lemon","0","lemon_0.mp4"
13,4,"keys","15","keys_15.mp4"
13,11,"apple","65","apple_65.mp4"
14,10,"screwdriver","65","screwdriver_65.mp4"
14,13,"lighter","15","lighter_15.mp4"
14,7,"sunglasses","15","sunglasses_15.mp4"
14,9,"pen","0","pen_0.mp4"
14,21,"cup","0","cup_0.mp4"
14,24,"hairdryer","65","hairdryer_65.mp4"
14,22,"serving-spoon","0","serving-spoon_0.mp4"
14,6,"box-cutter","0","box-cutter_0.mp4"
14,20,"tin-can","0","tin-can_0.mp4"
14,2,"paint-palette","65","paint-palette_65.mp4"
14,23,"book","0","book_0.mp4"
14,5,"rubberduck","0","rubberduck_0.mp4"
14,8,"candle","15","candle_15.mp4"
14,15,"calculator","65","calculator_65.mp4"
14,1,"hanger","15","hanger_15.mp4"
14,16,"clock","15","clock_15.mp4"
14,3,"scissors","65","scissors_65.mp4"
14,19,"usb-drive","0","usb-drive_0.mp4"
14,17,"computer-mouse","15","computer-mouse_15.mp4"
14,14,"toothbrush","0","toothbrush_0.mp4"
14,12,"banana","0","banana_0.mp4"
14,18,"lemon","65","lemon_65.mp4"
14,4,"keys","0","keys_0.mp4"
14,11,"apple","0","apple_0.mp4"
15,10,"screwdriver","0","screwdriver_0.mp4"
15,13,"lighter","0","lighter_0.mp4"
15,7,"sunglasses","0","sunglasses_0.mp4"
15,9,"pen","65","pen_65.mp4"
15,21,"cup","65","cup_65.mp4"
15,24,"hairdryer","0","hairdryer_0.mp4"
15,22,"serving-spoon","15","serving-spoon_15.mp4"
15,6,"box-cutter","65","box-cutter_65.mp4"
15,20,"tin-can","65","tin-can_65.mp4"
15,2,"paint-palette","0","paint-palette_0.mp4"
15,23,"book","15","book_15.mp4"
15,5,"rubberduck","15","rubberduck_15.mp4"
15,8,"candle","0","candle_0.mp4"
15,15,"calculator","0","calculator_0.mp4"
15,1,"hanger","0","hanger_0.mp4"
15,16,"clock","0","clock_0.mp4"
15,3,"scissors","0","scissors_0.mp4"
15,19,"usb-drive","65","usb-drive_65.mp4"
15,17,"computer-mouse","0","computer-mouse_0.mp4"
15,14,"toothbrush","15","toothbrush_15.mp4"
15,12,"banana","15","banana_15.mp4"
15,18,"lemon","0","lemon_0.mp4"
15,4,"keys","65","keys_65.mp4"
15,11,"apple","15","apple_15.mp4"
16,10,"screwdriver","0","screwdriver_0.mp4"
16,13,"lighter","0","lighter_0.mp4"
16,7,"sunglasses","0","sunglasses_0.mp4"
16,9,"pen","15","pen_15.mp4"
16,21,"cup","15","cup_15.mp4"
16,24,"hairdryer","0","hairdryer_0.mp4"
16,22,"serving-spoon","65","serving-spoon_65.mp4"
16,6,"box-cutter","15","box-cutter_15.mp4"
16,20,"tin-can","15","tin-can_15.mp4"
16,2,"paint-palette","0","paint-palette_0.mp4"
16,23,"book","65","book_65.mp4"
16,5,"rubberduck","65","rubberduck_65.mp4"
16,8,"candle","0","candle_0.mp4"
16,15,"calculator","0","calculator_0.mp4"
16,1,"hanger","0","hanger_0.mp4"
16,16,"clock","0","clock_0.mp4"
16,3,"scissors","0","scissors_0.mp4"
16,19,"usb-drive","15","usb-drive_15.mp4"
16,17,"computer-mouse","0","computer-mouse_0.mp4"
16,14,"toothbrush","65","toothbrush_65.mp4"
16,12,"banana","65","banana_65.mp4"
16,18,"lemon","0","lemon_0.mp4"
16,4,"keys","15","keys_15.mp4"
16,11,"apple","65","apple_65.mp4"
17,10,"screwdriver","65","screwdriver_65.mp4"
17,13,"lighter","15","lighter_15.mp4"
17,7,"sunglasses","15","sunglasses_15.mp4"
17,9,"pen","0","pen_0.mp4"
17,21,"cup","0","cup_0.mp4"
17,24,"hairdryer","65","hairdryer_65.mp4"
17,22,"serving-spoon","0","serving-spoon_0.mp4"
17,6,"box-cutter","0","box-cutter_0.mp4"
17,20,"tin-can","0","tin-can_0.mp4"
17,2,"paint-palette","65","paint-palette_65.mp4"
17,23,"book","0","book_0.mp4"
17,5,"rubberduck","0","rubberduck_0.mp4"
17,8,"candle","15","candle_15.mp4"
17,15,"calculator","65","calculator_65.mp4"
17,1,"hanger","15","hanger_15.mp4"
17,16,"clock","15","clock_15.mp4"
17,3,"scissors","65","scissors_65.mp4"
17,19,"usb-drive","0","usb-drive_0.mp4"
17,17,"computer-mouse","15","computer-mouse_15.mp4"
17,14,"toothbrush","0","toothbrush_0.mp4"
17,12,"banana","0","banana_0.mp4"
17,18,"lemon","65","lemon_65.mp4"
17,4,"keys","0","keys_0.mp4"
17,11,"apple","0","apple_0.mp4"
18,10,"screwdriver","15","screwdriver_15.mp4"
18,13,"lighter","65","lighter_65.mp4"
18,7,"sunglasses","65","sunglasses_65.mp4"
18,9,"pen","0","pen_0.mp4"
18,21,"cup","0","cup_0.mp4"
18,24,"hairdryer","15","hairdryer_15.mp4"
18,22,"serving-spoon","0","serving-spoon_0.mp4"
18,6,"box-cutter","0","box-cutter_0.mp4"
18,20,"tin-can","0","tin-can_0.mp4"
18,2,"paint-palette","15","paint-palette_15.mp4"
18,23,"book","0","book_0.mp4"
18,5,"rubberduck","0","rubberduck_0.mp4"
18,8,"candle","65","candle_65.mp4"
18,15,"calculator","15","calculator_15.mp4"
18,1,"hanger","65","hanger_65.mp4"
18,16,"clock","65","clock_65.mp4"
18,3,"scissors","15","scissors_15.mp4"
18,19,"usb-drive","0","usb-drive_0.mp4"
18,17,"computer-mouse","65","computer-mouse_65.mp4"
18,14,"toothbrush","0","toothbrush_0.mp4"
18,12,"banana","0","banana_0.mp4"
18,18,"lemon","15","lemon_15.mp4"
18,4,"keys","0","keys_0.mp4"
18,11,"apple","0","apple_0.mp4"
19,10,"screwdriver","0","screwdriver_0.mp4"
19,13,"lighter","0","lighter_0.mp4"
19,7,"sunglasses","0","sunglasses_0.mp4"
19,9,"pen","15","pen_15.mp4"
19,21,"cup","15","cup_15.mp4"
19,24,"hairdryer","0","hairdryer_0.mp4"
19,22,"serving-spoon","65","serving-spoon_65.mp4"
19,6,"box-cutter","15","box-cutter_15.mp4"
19,20,"tin-can","15","tin-can_15.mp4"
19,2,"paint-palette","0","paint-palette_0.mp4"
19,23,"book","65","book_65.mp4"
19,5,"rubberduck","65","rubberduck_65.mp4"
19,8,"candle","0","candle_0.mp4"
19,15,"calculator","0","calculator_0.mp4"
19,1,"hanger","0","hanger_0.mp4"
19,16,"clock","0","clock_0.mp4"
19,3,"scissors","0","scissors_0.mp4"
19,19,"usb-drive","15","usb-drive_15.mp4"
19,17,"computer-mouse","0","computer-mouse_0.mp4"
19,14,"toothbrush","65","toothbrush_65.mp4"
19,12,"banana","65","banana_65.mp4"
19,18,"lemon","0","lemon_0.mp4"
19,4,"keys","15","keys_15.mp4"
19,11,"apple","65","apple_65.mp4"
20,10,"screwdriver","0","screwdriver_0.mp4"
20,13,"lighter","0","lighter_0.mp4"
20,7,"sunglasses","0","sunglasses_0.mp4"
20,9,"pen","15","pen_15.mp4"
20,21,"cup","15","cup_15.mp4"
20,24,"hairdryer","0","hairdryer_0.mp4"
20,22,"serving-spoon","65","serving-spoon_65.mp4"
20,6,"box-cutter","15","box-cutter_15.mp4"
20,20,"tin-can","15","tin-can_15.mp4"
20,2,"paint-palette","0","paint-palette_0.mp4"
20,23,"book","65","book_65.mp4"
20,5,"rubberduck","65","rubberduck_65.mp4"
20,8,"candle","0","candle_0.mp4"
20,15,"calculator","0","calculator_0.mp4"
20,1,"hanger","0","hanger_0.mp4"
20,16,"clock","0","clock_0.mp4"
20,3,"scissors","0","scissors_0.mp4"
20,19,"usb-drive","15","usb-drive_15.mp4"
20,17,"computer-mouse","0","computer-mouse_0.mp4"
20,14,"toothbrush","65","toothbrush_65.mp4"
20,12,"banana","65","banana_65.mp4"
20,18,"lemon","0","lemon_0.mp4"
20,4,"keys","15","keys_15.mp4"
20,11,"apple","65","apple_65.mp4"
21,10,"screwdriver","0","screwdriver_0.mp4"
21,13,"lighter","0","lighter_0.mp4"
21,7,"sunglasses","0","sunglasses_0.mp4"
21,9,"pen","65","pen_65.mp4"
21,21,"cup","65","cup_65.mp4"
21,24,"hairdryer","0","hairdryer_0.mp4"
21,22,"serving-spoon","15","serving-spoon_15.mp4"
21,6,"box-cutter","65","box-cutter_65.mp4"
21,20,"tin-can","65","tin-can_65.mp4"
21,2,"paint-palette","0","paint-palette_0.mp4"
21,23,"book","15","book_15.mp4"
21,5,"rubberduck","15","rubberduck_15.mp4"
21,8,"candle","0","candle_0.mp4"
21,15,"calculator","0","calculator_0.mp4"
21,1,"hanger","0","hanger_0.mp4"
21,16,"clock","0","clock_0.mp4"
21,3,"scissors","0","scissors_0.mp4"
21,19,"usb-drive","65","usb-drive_65.mp4"
21,17,"computer-mouse","0","computer-mouse_0.mp4"
21,14,"toothbrush","15","toothbrush_15.mp4"
21,12,"banana","15","banana_15.mp4"
21,18,"lemon","0","lemon_0.mp4"
21,4,"keys","65","keys_65.mp4"
21,11,"apple","15","apple_15.mp4"
22,10,"screwdriver","15","screwdriver_15.mp4"
22,13,"lighter","65","lighter_65.mp4"
22,7,"sunglasses","65","sunglasses_65.mp4"
22,9,"pen","0","pen_0.mp4"
22,21,"cup","0","cup_0.mp4"
22,24,"hairdryer","15","hairdryer_15.mp4"
22,22,"serving-spoon","0","serving-spoon_0.mp4"
22,6,"box-cutter","0","box-cutter_0.mp4"
22,20,"tin-can","0","tin-can_0.mp4"
22,2,"paint-palette","15","paint-palette_15.mp4"
22,23,"book","0","book_0.mp4"
22,5,"rubberduck","0","rubberduck_0.mp4"
22,8,"candle","65","candle_65.mp4"
22,15,"calculator","15","calculator_15.mp4"
22,1,"hanger","65","hanger_65.mp4"
22,16,"clock","65","clock_65.mp4"
22,3,"scissors","15","scissors_15.mp4"
22,19,"usb-drive","0","usb-drive_0.mp4"
22,17,"computer-mouse","65","computer-mouse_65.mp4"
22,14,"toothbrush","0","toothbrush_0.mp4"
22,12,"banana","0","banana_0.mp4"
22,18,"lemon","15","lemon_15.mp4"
22,4,"keys","0","keys_0.mp4"
22,11,"apple","0","apple_0.mp4"
23,10,"screwdriver","65","screwdriver_65.mp4"
23,13,"lighter","15","lighter_15.mp4"
23,7,"sunglasses","15","sunglasses_15.mp4"
23,9,"pen","0","pen_0.mp4"
23,21,"cup","0","cup_0.mp4"
23,24,"hairdryer","65","hairdryer_65.mp4"
23,22,"serving-spoon","0","serving-spoon_0.mp4"
23,6,"box-cutter","0","box-cutter_0.mp4"
23,20,"tin-can","0","tin-can_0.mp4"
23,2,"paint-palette","65","paint-palette_65.mp4"
23,23,"book","0","book_0.mp4"
23,5,"rubberduck","0","rubberduck_0.mp4"
23,8,"candle","15","candle_15.mp4"
23,15,"calculator","65","calculator_65.mp4"
23,1,"hanger","15","hanger_15.mp4"
23,16,"clock","15","clock_15.mp4"
23,3,"scissors","65","scissors_65.mp4"
23,19,"usb-drive","0","usb-drive_0.mp4"
23,17,"computer-mouse","15","computer-mouse_15.mp4"
23,14,"toothbrush","0","toothbrush_0.mp4"
23,12,"banana","0","banana_0.mp4"
23,18,"lemon","65","lemon_65.mp4"
23,4,"keys","0","keys_0.mp4"
23,11,"apple","0","apple_0.mp4"
24,10,"screwdriver","0","screwdriver_0.mp4"
24,13,"lighter","0","lighter_0.mp4"
24,7,"sunglasses","0","sunglasses_0.mp4"
24,9,"pen","65","pen_65.mp4"
24,21,"cup","65","cup_65.mp4"
24,24,"hairdryer","0","hairdryer_0.mp4"
24,22,"serving-spoon","15","serving-spoon_15.mp4"
24,6,"box-cutter","65","box-cutter_65.mp4"
24,20,"tin-can","65","tin-can_65.mp4"
24,2,"paint-palette","0","paint-palette_0.mp4"
24,23,"book","15","book_15.mp4"
24,5,"rubberduck","15","rubberduck_15.mp4"
24,8,"candle","0","candle_0.mp4"
24,15,"calculator","0","calculator_0.mp4"
24,1,"hanger","0","hanger_0.mp4"
24,16,"clock","0","clock_0.mp4"
24,3,"scissors","0","scissors_0.mp4"
24,19,"usb-drive","65","usb-drive_65.mp4"
24,17,"computer-mouse","0","computer-mouse_0.mp4"
24,14,"toothbrush","15","toothbrush_15.mp4"
24,12,"banana","15","banana_15.mp4"
24,18,"lemon","0","lemon_0.mp4"
24,4,"keys","65","keys_65.mp4"
24,11,"apple","15","apple_15.mp4"
25,10,"screwdriver","65","screwdriver_65.mp4"
25,13,"lighter","15","lighter_15.mp4"
25,7,"sunglasses","15","sunglasses_15.mp4"
25,9,"pen","0","pen_0.mp4"
25,21,"cup","0","cup_0.mp4"
25,24,"hairdryer","65","hairdryer_65.mp4"
25,22,"serving-spoon","0","serving-spoon_0.mp4"
25,6,"box-cutter","0","box-cutter_0.mp4"
25,20,"tin-can","0","tin-can_0.mp4"
25,2,"paint-palette","65","paint-palette_65.mp4"
25,23,"book","0","book_0.mp4"
25,5,"rubberduck","0","rubberduck_0.mp4"
25,8,"candle","15","candle_15.mp4"
25,15,"calculator","65","calculator_65.mp4"
25,1,"hanger","15","hanger_15.mp4"
25,16,"clock","15","clock_15.mp4"
25,3,"scissors","65","scissors_65.mp4"
25,19,"usb-drive","0","usb-drive_0.mp4"
25,17,"computer-mouse","15","computer-mouse_15.mp4"
25,14,"toothbrush","0","toothbrush_0.mp4"
25,12,"banana","0","banana_0.mp4"
25,18,"lemon","65","lemon_65.mp4"
25,4,"keys","0","keys_0.mp4"
25,11,"apple","0","apple_0.mp4"
26,10,"screwdriver","0","screwdriver_0.mp4"
26,13,"lighter","0","lighter_0.mp4"
26,7,"sunglasses","0","sunglasses_0.mp4"
26,9,"pen","65","pen_65.mp4"
26,21,"cup","65","cup_65.mp4"
26,24,"hairdryer","0","hairdryer_0.mp4"
26,22,"serving-spoon","15","serving-spoon_15.mp4"
26,6,"box-cutter","65","box-cutter_65.mp4"
26,20,"tin-can","65","tin-can_65.mp4"
26,2,"paint-palette","0","paint-palette_0.mp4"
26,23,"book","15","book_15.mp4"
26,5,"rubberduck","15","rubberduck_15.mp4"
26,8,"candle","0","candle_0.mp4"
26,15,"calculator","0","calculator_0.mp4"
26,1,"hanger","0","hanger_0.mp4"
26,16,"clock","0","clock_0.mp4"
26,3,"scissors","0","scissors_0.mp4"
26,19,"usb-drive","65","usb-drive_65.mp4"
26,17,"computer-mouse","0","computer-mouse_0.mp4"
26,14,"toothbrush","15","toothbrush_15.mp4"
26,12,"banana","15","banana_15.mp4"
26,18,"lemon","0","lemon_0.mp4"
26,4,"keys","65","keys_65.mp4"
26,11,"apple","15","apple_15.mp4"
27,10,"screwdriver","15","screwdriver_15.mp4"
27,13,"lighter","65","lighter_65.mp4"
27,7,"sunglasses","65","sunglasses_65.mp4"
27,9,"pen","0","pen_0.mp4"
27,21,"cup","0","cup_0.mp4"
27,24,"hairdryer","15","hairdryer_15.mp4"
27,22,"serving-spoon","0","serving-spoon_0.mp4"
27,6,"box-cutter","0","box-cutter_0.mp4"
27,20,"tin-can","0","tin-can_0.mp4"
27,2,"paint-palette","15","paint-palette_15.mp4"
27,23,"book","0","book_0.mp4"
27,5,"rubberduck","0","rubberduck_0.mp4"
27,8,"candle","65","candle_65.mp4"
27,15,"calculator","15","calculator_15.mp4"
27,1,"hanger","65","hanger_65.mp4"
27,16,"clock","65","clock_65.mp4"
27,3,"scissors","15","scissors_15.mp4"
27,19,"usb-drive","0","usb-drive_0.mp4"
27,17,"computer-mouse","65","computer-mouse_65.mp4"
27,14,"toothbrush","0","toothbrush_0.mp4"
27,12,"banana","0","banana_0.mp4"
27,18,"lemon","15","lemon_15.mp4"
27,4,"keys","0","keys_0.mp4"
27,11,"apple","0","apple_0.mp4"
28,10,"screwdriver","0","screwdriver_0.mp4"
28,13,"lighter","0","lighter_0.mp4"
28,7,"sunglasses","0","sunglasses_0.mp4"
28,9,"pen","15","pen_15.mp4"
28,21,"cup","15","cup_15.mp4"
28,24,"hairdryer","0","hairdryer_0.mp4"
28,22,"serving-spoon","65","serving-spoon_65.mp4"
28,6,"box-cutter","15","box-cutter_15.mp4"
28,20,"tin-can","15","tin-can_15.mp4"
28,2,"paint-palette","0","paint-palette_0.mp4"
28,23,"book","65","book_65.mp4"
28,5,"rubberduck","65","rubberduck_65.mp4"
28,8,"candle","0","candle_0.mp4"
28,15,"calculator","0","calculator_0.mp4"
28,1,"hanger","0","hanger_0.mp4"
28,16,"clock","0","clock_0.mp4"
28,3,"scissors","0","scissors_0.mp4"
28,19,"usb-drive","15","usb-drive_15.mp4"
28,17,"computer-mouse","0","computer-mouse_0.mp4"
28,14,"toothbrush","65","toothbrush_65.mp4"
28,12,"banana","65","banana_65.mp4"
28,18,"lemon","0","lemon_0.mp4"
28,4,"keys","15","keys_15.mp4"
28,11,"apple","65","apple_65.mp4"
29,10,"screwdriver","0","screwdriver_0.mp4"
29,13,"lighter","0","lighter_0.mp4"
29,7,"sunglasses","0","sunglasses_0.mp4"
29,9,"pen","15","pen_15.mp4"
29,21,"cup","15","cup_15.mp4"
29,24,"hairdryer","0","hairdryer_0.mp4"
29,22,"serving-spoon","65","serving-spoon_65.mp4"
29,6,"box-cutter","15","box-cutter_15.mp4"
29,20,"tin-can","15","tin-can_15.mp4"
29,2,"paint-palette","0","paint-palette_0.mp4"
29,23,"book","65","book_65.mp4"
29,5,"rubberduck","65","rubberduck_65.mp4"
29,8,"candle","0","candle_0.mp4"
29,15,"calculator","0","calculator_0.mp4"
29,1,"hanger","0","hanger_0.mp4"
29,16,"clock","0","clock_0.mp4"
29,3,"scissors","0","scissors_0.mp4"
29,19,"usb-drive","15","usb-drive_15.mp4"
29,17,"computer-mouse","0","computer-mouse_0.mp4"
29,14,"toothbrush","65","toothbrush_65.mp4"
29,12,"banana","65","banana_65.mp4"
29,18,"lemon","0","lemon_0.mp4"
29,4,"keys","15","keys_15.mp4"
29,11,"apple","65","apple_65.mp4"
30,10,"screwdriver","15","screwdriver_15.mp4"
30,13,"lighter","65","lighter_65.mp4"
30,7,"sunglasses","65","sunglasses_65.mp4"
30,9,"pen","0","pen_0.mp4"
30,21,"cup","0","cup_0.mp4"
30,24,"hairdryer","15","hairdryer_15.mp4"
30,22,"serving-spoon","0","serving-spoon_0.mp4"
30,6,"box-cutter","0","box-cutter_0.mp4"
30,20,"tin-can","0","tin-can_0.mp4"
30,2,"paint-palette","15","paint-palette_15.mp4"
30,23,"book","0","book_0.mp4"
30,5,"rubberduck","0","rubberduck_0.mp4"
30,8,"candle","65","candle_65.mp4"
30,15,"calculator","15","calculator_15.mp4"
30,1,"hanger","65","hanger_65.mp4"
30,16,"clock","65","clock_65.mp4"
30,3,"scissors","15","scissors_15.mp4"
30,19,"usb-drive","0","usb-drive_0.mp4"
30,17,"computer-mouse","65","computer-mouse_65.mp4"
30,14,"toothbrush","0","toothbrush_0.mp4"
30,12,"banana","0","banana_0.mp4"
30,18,"lemon","15","lemon_15.mp4"
30,4,"keys","0","keys_0.mp4"
30,11,"apple","0","apple_0.mp4"
31,10,"screwdriver","0","screwdriver_0.mp4"
31,13,"lighter","0","lighter_0.mp4"
31,7,"sunglasses","0","sunglasses_0.mp4"
31,9,"pen","65","pen_65.mp4"
31,21,"cup","65","cup_65.mp4"
31,24,"hairdryer","0","hairdryer_0.mp4"
31,22,"serving-spoon","15","serving-spoon_15.mp4"
31,6,"box-cutter","65","box-cutter_65.mp4"
31,20,"tin-can","65","tin-can_65.mp4"
31,2,"paint-palette","0","paint-palette_0.mp4"
31,23,"book","15","book_15.mp4"
31,5,"rubberduck","15","rubberduck_15.mp4"
31,8,"candle","0","candle_0.mp4"
31,15,"calculator","0","calculator_0.mp4"
31,1,"hanger","0","hanger_0.mp4"
31,16,"clock","0","clock_0.mp4"
31,3,"scissors","0","scissors_0.mp4"
31,19,"usb-drive","65","usb-drive_65.mp4"
31,17,"computer-mouse","0","computer-mouse_0.mp4"
31,14,"toothbrush","15","toothbrush_15.mp4"
31,12,"banana","15","banana_15.mp4"
31,18,"lemon","0","lemon_0.mp4"
31,4,"keys","65","keys_65.mp4"
31,11,"apple","15","apple_15.mp4"
32,10,"screwdriver","15","screwdriver_15.mp4"
32,13,"lighter","65","lighter_65.mp4"
32,7,"sunglasses","65","sunglasses_65.mp4"
32,9,"pen","0","pen_0.mp4"
32,21,"cup","0","cup_0.mp4"
32,24,"hairdryer","15","hairdryer_15.mp4"
32,22,"serving-spoon","0","serving-spoon_0.mp4"
32,6,"box-cutter","0","box-cutter_0.mp4"
32,20,"tin-can","0","tin-can_0.mp4"
32,2,"paint-palette","15","paint-palette_15.mp4"
32,23,"book","0","book_0.mp4"
32,5,"rubberduck","0","rubberduck_0.mp4"
32,8,"candle","65","candle_65.mp4"
32,15,"calculator","15","calculator_15.mp4"
32,1,"hanger","65","hanger_65.mp4"
32,16,"clock","65","clock_65.mp4"
32,3,"scissors","15","scissors_15.mp4"
32,19,"usb-drive","0","usb-drive_0.mp4"
32,17,"computer-mouse","65","computer-mouse_65.mp4"
32,14,"toothbrush","0","toothbrush_0.mp4"
32,12,"banana","0","banana_0.mp4"
32,18,"lemon","15","lemon_15.mp4"
32,4,"keys","0","keys_0.mp4"
32,11,"apple","0","apple_0.mp4"
33,10,"screwdriver","65","screwdriver_65.mp4"
33,13,"lighter","15","lighter_15.mp4"
33,7,"sunglasses","15","sunglasses_15.mp4"
33,9,"pen","0","pen_0.mp4"
33,21,"cup","0","cup_0.mp4"
33,24,"hairdryer","65","hairdryer_65.mp4"
33,22,"serving-spoon","0","serving-spoon_0.mp4"
33,6,"box-cutter","0","box-cutter_0.mp4"
33,20,"tin-can","0","tin-can_0.mp4"
33,2,"paint-palette","65","paint-palette_65.mp4"
33,23,"book","0","book_0.mp4"
33,5,"rubberduck","0","rubberduck_0.mp4"
33,8,"candle","15","candle_15.mp4"
33,15,"calculator","65","calculator_65.mp4"
33,1,"hanger","15","hanger_15.mp4"
33,16,"clock","15","clock_15.mp4"
33,3,"scissors","65","scissors_65.mp4"
33,19,"usb-drive","0","usb-drive_0.mp4"
33,17,"computer-mouse","15","computer-mouse_15.mp4"
33,14,"toothbrush","0","toothbrush_0.mp4"
33,12,"banana","0","banana_0.mp4"
33,18,"lemon","65","lemon_65.mp4"
33,4,"keys","0","keys_0.mp4"
33,11,"apple","0","apple_0.mp4"
34,10,"screwdriver","0","screwdriver_0.mp4"
34,13,"lighter","0","lighter_0.mp4"
34,7,"sunglasses","0","sunglasses_0.mp4"
34,9,"pen","15","pen_15.mp4"
34,21,"cup","15","cup_15.mp4"
34,24,"hairdryer","0","hairdryer_0.mp4"
34,22,"serving-spoon","65","serving-spoon_65.mp4"
34,6,"box-cutter","15","box-cutter_15.mp4"
34,20,"tin-can","15","tin-can_15.mp4"
34,2,"paint-palette","0","paint-palette_0.mp4"
34,23,"book","65","book_65.mp4"
34,5,"rubberduck","65","rubberduck_65.mp4"
34,8,"candle","0","candle_0.mp4"
34,15,"calculator","0","calculator_0.mp4"
34,1,"hanger","0","hanger_0.mp4"
34,16,"clock","0","clock_0.mp4"
34,3,"scissors","0","scissors_0.mp4"
34,19,"usb-drive","15","usb-drive_15.mp4"
34,17,"computer-mouse","0","computer-mouse_0.mp4"
34,14,"toothbrush","65","toothbrush_65.mp4"
34,12,"banana","65","banana_65.mp4"
34,18,"lemon","0","lemon_0.mp4"
34,4,"keys","15","keys_15.mp4"
34,11,"apple","65","apple_65.mp4"
35,10,"screwdriver","0","screwdriver_0.mp4"
35,13,"lighter","0","lighter_0.mp4"
35,7,"sunglasses","0","sunglasses_0.mp4"
35,9,"pen","15","pen_15.mp4"
35,21,"cup","15","cup_15.mp4"
35,24,"hairdryer","0","hairdryer_0.mp4"
35,22,"serving-spoon","65","serving-spoon_65.mp4"
35,6,"box-cutter","15","box-cutter_15.mp4"
35,20,"tin-can","15","tin-can_15.mp4"
35,2,"paint-palette","0","paint-palette_0.mp4"
35,23,"book","65","book_65.mp4"
35,5,"rubberduck","65","rubberduck_65.mp4"
35,8,"candle","0","candle_0.mp4"
35,15,"calculator","0","calculator_0.mp4"
35,1,"hanger","0","hanger_0.mp4"
35,16,"clock","0","clock_0.mp4"
35,3,"scissors","0","scissors_0.mp4"
35,19,"usb-drive","15","usb-drive_15.mp4"
35,17,"computer-mouse","0","computer-mouse_0.mp4"
35,14,"toothbrush","65","toothbrush_65.mp4"
35,12,"banana","65","banana_65.mp4"
35,18,"lemon","0","lemon_0.mp4"
35,4,"keys","15","keys_15.mp4"
35,11,"apple","65","apple_65.mp4"
36,10,"screwdriver","15","screwdriver_15.mp4"
36,13,"lighter","65","lighter_65.mp4"
36,7,"sunglasses","65","sunglasses_65.mp4"
36,9,"pen","0","pen_0.mp4"
36,21,"cup","0","cup_0.mp4"
36,24,"hairdryer","15","hairdryer_15.mp4"
36,22,"serving-spoon","0","serving-spoon_0.mp4"
36,6,"box-cutter","0","box-cutter_0.mp4"
36,20,"tin-can","0","tin-can_0.mp4"
36,2,"paint-palette","15","paint-palette_15.mp4"
36,23,"book","0","book_0.mp4"
36,5,"rubberduck","0","rubberduck_0.mp4"
36,8,"candle","65","candle_65.mp4"
36,15,"calculator","15","calculator_15.mp4"
36,1,"hanger","65","hanger_65.mp4"
36,16,"clock","65","clock_65.mp4"
36,3,"scissors","15","scissors_15.mp4"
36,19,"usb-drive","0","usb-drive_0.mp4"
36,17,"computer-mouse","65","computer-mouse_65.mp4"
36,14,"toothbrush","0","toothbrush_0.mp4"
36,12,"banana","0","banana_0.mp4"
36,18,"lemon","15","lemon_15.mp4"
36,4,"keys","0","keys_0.mp4"
36,11,"apple","0","apple_0.mp4"
37,10,"screwdriver","0","screwdriver_0.mp4"
37,13,"lighter","0","lighter_0.mp4"
37,7,"sunglasses","0","sunglasses_0.mp4"
37,9,"pen","15","pen_15.mp4"
37,21,"cup","15","cup_15.mp4"
37,24,"hairdryer","0","hairdryer_0.mp4"
37,22,"serving-spoon","65","serving-spoon_65.mp4"
37,6,"box-cutter","15","box-cutter_15.mp4"
37,20,"tin-can","15","tin-can_15.mp4"
37,2,"paint-palette","0","paint-palette_0.mp4"
37,23,"book","65","book_65.mp4"
37,5,"rubberduck","65","rubberduck_65.mp4"
37,8,"candle","0","candle_0.mp4"
37,15,"calculator","0","calculator_0.mp4"
37,1,"hanger","0","hanger_0.mp4"
37,16,"clock","0","clock_0.mp4"
37,3,"scissors","0","scissors_0.mp4"
37,19,"usb-drive","15","usb-drive_15.mp4"
37,17,"computer-mouse","0","computer-mouse_0.mp4"
37,14,"toothbrush","65","toothbrush_65.mp4"
37,12,"banana","65","banana_65.mp4"
37,18,"lemon","0","lemon_0.mp4"
37,4,"keys","15","keys_15.mp4"
37,11,"apple","65","apple_65.mp4"
38,10,"screwdriver","0","screwdriver_0.mp4"
38,13,"lighter","0","lighter_0.mp4"
38,7,"sunglasses","0","sunglasses_0.mp4"
38,9,"pen","15","pen_15.mp4"
38,21,"cup","15","cup_15.mp4"
38,24,"hairdryer","0","hairdryer_0.mp4"
38,22,"serving-spoon","65","serving-spoon_65.mp4"
38,6,"box-cutter","15","box-cutter_15.mp4"
38,20,"tin-can","15","tin-can_15.mp4"
38,2,"paint-palette","0","paint-palette_0.mp4"
38,23,"book","65","book_65.mp4"
38,5,"rubberduck","65","rubberduck_65.mp4"
38,8,"candle","0","candle_0.mp4"
38,15,"calculator","0","calculator_0.mp4"
38,1,"hanger","0","hanger_0.mp4"
38,16,"clock","0","clock_0.mp4"
38,3,"scissors","0","scissors_0.mp4"
38,19,"usb-drive","15","usb-drive_15.mp4"
38,17,"computer-mouse","0","computer-mouse_0.mp4"
38,14,"toothbrush","65","toothbrush_65.mp4"
38,12,"banana","65","banana_65.mp4"
38,18,"lemon","0","lemon_0.mp4"
38,4,"keys","15","keys_15.mp4"
38,11,"apple","65","apple_65.mp4"
39,10,"screwdriver","0","screwdriver_0.mp4"
39,13,"lighter","0","lighter_0.mp4"
39,7,"sunglasses","0","sunglasses_0.mp4"
39,9,"pen","65","pen_65.mp4"
39,21,"cup","65","cup_65.mp4"
39,24,"hairdryer","0","hairdryer_0.mp4"
39,22,"serving-spoon","15","serving-spoon_15.mp4"
39,6,"box-cutter","65","box-cutter_65.mp4"
39,20,"tin-can","65","tin-can_65.mp4"
39,2,"paint-palette","0","paint-palette_0.mp4"
39,23,"book","15","book_15.mp4"
39,5,"rubberduck","15","rubberduck_15.mp4"
39,8,"candle","0","candle_0.mp4"
39,15,"calculator","0","calculator_0.mp4"
39,1,"hanger","0","hanger_0.mp4"
39,16,"clock","0","clock_0.mp4"
39,3,"scissors","0","scissors_0.mp4"
39,19,"usb-drive","65","usb-drive_65.mp4"
39,17,"computer-mouse","0","computer-mouse_0.mp4"
39,14,"toothbrush","15","toothbrush_15.mp4"
39,12,"banana","15","banana_15.mp4"
39,18,"lemon","0","lemon_0.mp4"
39,4,"keys","65","keys_65.mp4"
39,11,"apple","15","apple_15.mp4"
40,10,"screwdriver","0","screwdriver_0.mp4"
40,13,"lighter","0","lighter_0.mp4"
40,7,"sunglasses","0","sunglasses_0.mp4"
40,9,"pen","15","pen_15.mp4"
40,21,"cup","15","cup_15.mp4"
40,24,"hairdryer","0","hairdryer_0.mp4"
40,22,"serving-spoon","65","serving-spoon_65.mp4"
40,6,"box-cutter","15","box-cutter_15.mp4"
40,20,"tin-can","15","tin-can_15.mp4"
40,2,"paint-palette","0","paint-palette_0.mp4"
40,23,"book","65","book_65.mp4"
40,5,"rubberduck","65","rubberduck_65.mp4"
40,8,"candle","0","candle_0.mp4"
40,15,"calculator","0","calculator_0.mp4"
40,1,"hanger","0","hanger_0.mp4"
40,16,"clock","0","clock_0.mp4"
40,3,"scissors","0","scissors_0.mp4"
40,19,"usb-drive","15","usb-drive_15.mp4"
40,17,"computer-mouse","0","computer-mouse_0.mp4"
40,14,"toothbrush","65","toothbrush_65.mp4"
40,12,"banana","65","banana_65.mp4"
40,18,"lemon","0","lemon_0.mp4"
40,4,"keys","15","keys_15.mp4"
40,11,"apple","65","apple_65.mp4"
41,10,"screwdriver","65","screwdriver_65.mp4"
41,13,"lighter","15","lighter_15.mp4"
41,7,"sunglasses","15","sunglasses_15.mp4"
41,9,"pen","0","pen_0.mp4"
41,21,"cup","0","cup_0.mp4"
41,24,"hairdryer","65","hairdryer_65.mp4"
41,22,"serving-spoon","0","serving-spoon_0.mp4"
41,6,"box-cutter","0","box-cutter_0.mp4"
41,20,"tin-can","0","tin-can_0.mp4"
41,2,"paint-palette","65","paint-palette_65.mp4"
41,23,"book","0","book_0.mp4"
41,5,"rubberduck","0","rubberduck_0.mp4"
41,8,"candle","15","candle_15.mp4"
41,15,"calculator","65","calculator_65.mp4"
41,1,"hanger","15","hanger_15.mp4"
41,16,"clock","15","clock_15.mp4"
41,3,"scissors","65","scissors_65.mp4"
41,19,"usb-drive","0","usb-drive_0.mp4"
41,17,"computer-mouse","15","computer-mouse_15.mp4"
41,14,"toothbrush","0","toothbrush_0.mp4"
41,12,"banana","0","banana_0.mp4"
41,18,"lemon","65","lemon_65.mp4"
41,4,"keys","0","keys_0.mp4"
41,11,"apple","0","apple_0.mp4"
42,10,"screwdriver","0","screwdriver_0.mp4"
42,13,"lighter","0","lighter_0.mp4"
42,7,"sunglasses","0","sunglasses_0.mp4"
42,9,"pen","15","pen_15.mp4"
42,21,"cup","15","cup_15.mp4"
42,24,"hairdryer","0","hairdryer_0.mp4"
42,22,"serving-spoon","65","serving-spoon_65.mp4"
42,6,"box-cutter","15","box-cutter_15.mp4"
42,20,"tin-can","15","tin-can_15.mp4"
42,2,"paint-palette","0","paint-palette_0.mp4"
42,23,"book","65","book_65.mp4"
42,5,"rubberduck","65","rubberduck_65.mp4"
42,8,"candle","0","candle_0.mp4"
42,15,"calculator","0","calculator_0.mp4"
42,1,"hanger","0","hanger_0.mp4"
42,16,"clock","0","clock_0.mp4"
42,3,"scissors","0","scissors_0.mp4"
42,19,"usb-drive","15","usb-drive_15.mp4"
42,17,"computer-mouse","0","computer-mouse_0.mp4"
42,14,"toothbrush","65","toothbrush_65.mp4"
42,12,"banana","65","banana_65.mp4"
42,18,"lemon","0","lemon_0.mp4"
42,4,"keys","15","keys_15.mp4"
42,11,"apple","65","apple_65.mp4"
43,10,"screwdriver","65","screwdriver_65.mp4"
43,13,"lighter","15","lighter_15.mp4"
43,7,"sunglasses","15","sunglasses_15.mp4"
43,9,"pen","0","pen_0.mp4"
43,21,"cup","0","cup_0.mp4"
43,24,"hairdryer","65","hairdryer_65.mp4"
43,22,"serving-spoon","0","serving-spoon_0.mp4"
43,6,"box-cutter","0","box-cutter_0.mp4"
43,20,"tin-can","0","tin-can_0.mp4"
43,2,"paint-palette","65","paint-palette_65.mp4"
43,23,"book","0","book_0.mp4"
43,5,"rubberduck","0","rubberduck_0.mp4"
43,8,"candle","15","candle_15.mp4"
43,15,"calculator","65","calculator_65.mp4"
43,1,"hanger","15","hanger_15.mp4"
43,16,"clock","15","clock_15.mp4"
43,3,"scissors","65","scissors_65.mp4"
43,19,"usb-drive","0","usb-drive_0.mp4"
43,17,"computer-mouse","15","computer-mouse_15.mp4"
43,14,"toothbrush","0","toothbrush_0.mp4"
43,12,"banana","0","banana_0.mp4"
43,18,"lemon","65","lemon_65.mp4"
43,4,"keys","0","keys_0.mp4"
43,11,"apple","0","apple_0.mp4"
44,10,"screwdriver","65","screwdriver_65.mp4"
44,13,"lighter","15","lighter_15.mp4"
44,7,"sunglasses","15","sunglasses_15.mp4"
44,9,"pen","0","pen_0.mp4"
44,21,"cup","0","cup_0.mp4"
44,24,"hairdryer","65","hairdryer_65.mp4"
44,22,"serving-spoon","0","serving-spoon_0.mp4"
44,6,"box-cutter","0","box-cutter_0.mp4"
44,20,"tin-can","0","tin-can_0.mp4"
44,2,"paint-palette","65","paint-palette_65.mp4"
44,23,"book","0","book_0.mp4"
44,5,"rubberduck","0","rubberduck_0.mp4"
44,8,"candle","15","candle_15.mp4"
44,15,"calculator","65","calculator_65.mp4"
44,1,"hanger","15","hanger_15.mp4"
44,16,"clock","15","clock_15.mp4"
44,3,"scissors","65","scissors_65.mp4"
44,19,"usb-drive","0","usb-drive_0.mp4"
44,17,"computer-mouse","15","computer-mouse_15.mp4"
44,14,"toothbrush","0","toothbrush_0.mp4"
44,12,"banana","0","banana_0.mp4"
44,18,"lemon","65","lemon_65.mp4"
44,4,"keys","0","keys_0.mp4"
44,11,"apple","0","apple_0.mp4"
45,10,"screwdriver","0","screwdriver_0.mp4"
45,13,"lighter","0","lighter_0.mp4"
45,7,"sunglasses","0","sunglasses_0.mp4"
45,9,"pen","15","pen_15.mp4"
45,21,"cup","15","cup_15.mp4"
45,24,"hairdryer","0","hairdryer_0.mp4"
45,22,"serving-spoon","65","serving-spoon_65.mp4"
45,6,"box-cutter","15","box-cutter_15.mp4"
45,20,"tin-can","15","tin-can_15.mp4"
45,2,"paint-palette","0","paint-palette_0.mp4"
45,23,"book","65","book_65.mp4"
45,5,"rubberduck","65","rubberduck_65.mp4"
45,8,"candle","0","candle_0.mp4"
45,15,"calculator","0","calculator_0.mp4"
45,1,"hanger","0","hanger_0.mp4"
45,16,"clock","0","clock_0.mp4"
45,3,"scissors","0","scissors_0.mp4"
45,19,"usb-drive","15","usb-drive_15.mp4"
45,17,"computer-mouse","0","computer-mouse_0.mp4"
45,14,"toothbrush","65","toothbrush_65.mp4"
45,12,"banana","65","banana_65.mp4"
45,18,"lemon","0","lemon_0.mp4"
45,4,"keys","15","keys_15.mp4"
45,11,"apple","65","apple_65.mp4"
46,10,"screwdriver","15","screwdriver_15.mp4"
46,13,"lighter","65","lighter_65.mp4"
46,7,"sunglasses","65","sunglasses_65.mp4"
46,9,"pen","0","pen_0.mp4"
46,21,"cup","0","cup_0.mp4"
46,24,"hairdryer","15","hairdryer_15.mp4"
46,22,"serving-spoon","0","serving-spoon_0.mp4"
46,6,"box-cutter","0","box-cutter_0.mp4"
46,20,"tin-can","0","tin-can_0.mp4"
46,2,"paint-palette","15","paint-palette_15.mp4"
46,23,"book","0","book_0.mp4"
46,5,"rubberduck","0","rubberduck_0.mp4"
46,8,"candle","65","candle_65.mp4"
46,15,"calculator","15","calculator_15.mp4"
46,1,"hanger","65","hanger_65.mp4"
46,16,"clock","65","clock_65.mp4"
46,3,"scissors","15","scissors_15.mp4"
46,19,"usb-drive","0","usb-drive_0.mp4"
46,17,"computer-mouse","65","computer-mouse_65.mp4"
46,14,"toothbrush","0","toothbrush_0.mp4"
46,12,"banana","0","banana_0.mp4"
46,18,"lemon","15","lemon_15.mp4"
46,4,"keys","0","keys_0.mp4"
46,11,"apple","0","apple_0.mp4"
47,10,"screwdriver","15","screwdriver_15.mp4"
47,13,"lighter","65","lighter_65.mp4"
47,7,"sunglasses","65","sunglasses_65.mp4"
47,9,"pen","0","pen_0.mp4"
47,21,"cup","0","cup_0.mp4"
47,24,"hairdryer","15","hairdryer_15.mp4"
47,22,"serving-spoon","0","serving-spoon_0.mp4"
47,6,"box-cutter","0","box-cutter_0.mp4"
47,20,"tin-can","0","tin-can_0.mp4"
47,2,"paint-palette","15","paint-palette_15.mp4"
47,23,"book","0","book_0.mp4"
47,5,"rubberduck","0","rubberduck_0.mp4"
47,8,"candle","65","candle_65.mp4"
47,15,"calculator","15","calculator_15.mp4"
47,1,"hanger","65","hanger_65.mp4"
47,16,"clock","65","clock_65.mp4"
47,3,"scissors","15","scissors_15.mp4"
47,19,"usb-drive","0","usb-drive_0.mp4"
47,17,"computer-mouse","65","computer-mouse_65.mp4"
47,14,"toothbrush","0","toothbrush_0.mp4"
47,12,"banana","0","banana_0.mp4"
47,18,"lemon","15","lemon_15.mp4"
47,4,"keys","0","keys_0.mp4"
47,11,"apple","0","apple_0.mp4"
48,10,"screwdriver","15","screwdriver_15.mp4"
48,13,"lighter","65","lighter_65.mp4"
48,7,"sunglasses","65","sunglasses_65.mp4"
48,9,"pen","0","pen_0.mp4"
48,21,"cup","0","cup_0.mp4"
48,24,"hairdryer","15","hairdryer_15.mp4"
48,22,"serving-spoon","0","serving-spoon_0.mp4"
48,6,"box-cutter","0","box-cutter_0.mp4"
48,20,"tin-can","0","tin-can_0.mp4"
48,2,"paint-palette","15","paint-palette_15.mp4"
48,23,"book","0","book_0.mp4"
48,5,"rubberduck","0","rubberduck_0.mp4"
48,8,"candle","65","candle_65.mp4"
48,15,"calculator","15","calculator_15.mp4"
48,1,"hanger","65","hanger_65.mp4"
48,16,"clock","65","clock_65.mp4"
48,3,"scissors","15","scissors_15.mp4"
48,19,"usb-drive","0","usb-drive_0.mp4"
48,17,"computer-mouse","65","computer-mouse_65.mp4"
48,14,"toothbrush","0","toothbrush_0.mp4"
48,12,"banana","0","banana_0.mp4"
48,18,"lemon","15","lemon_15.mp4"
48,4,"keys","0","keys_0.mp4"
48,11,"apple","0","apple_0.mp4"
49,10,"screwdriver","0","screwdriver_0.mp4"
49,13,"lighter","0","lighter_0.mp4"
49,7,"sunglasses","0","sunglasses_0.mp4"
49,9,"pen","65","pen_65.mp4"
49,21,"cup","65","cup_65.mp4"
49,24,"hairdryer","0","hairdryer_0.mp4"
49,22,"serving-spoon","15","serving-spoon_15.mp4"
49,6,"box-cutter","65","box-cutter_65.mp4"
49,20,"tin-can","65","tin-can_65.mp4"
49,2,"paint-palette","0","paint-palette_0.mp4"
49,23,"book","15","book_15.mp4"
49,5,"rubberduck","15","rubberduck_15.mp4"
49,8,"candle","0","candle_0.mp4"
49,15,"calculator","0","calculator_0.mp4"
49,1,"hanger","0","hanger_0.mp4"
49,16,"clock","0","clock_0.mp4"
49,3,"scissors","0","scissors_0.mp4"
49,19,"usb-drive","65","usb-drive_65.mp4"
49,17,"computer-mouse","0","computer-mouse_0.mp4"
49,14,"toothbrush","15","toothbrush_15.mp4"
49,12,"banana","15","banana_15.mp4"
49,18,"lemon","0","lemon_0.mp4"
49,4,"keys","65","keys_65.mp4"
49,11,"apple","15","apple_15.mp4"
50,10,"screwdriver","0","screwdriver_0.mp4"
50,13,"lighter","0","lighter_0.mp4"
50,7,"sunglasses","0","sunglasses_0.mp4"
50,9,"pen","15","pen_15.mp4"
50,21,"cup","15","cup_15.mp4"
50,24,"hairdryer","0","hairdryer_0.mp4"
50,22,"serving-spoon","65","serving-spoon_65.mp4"
50,6,"box-cutter","15","box-cutter_15.mp4"
50,20,"tin-can","15","tin-can_15.mp4"
50,2,"paint-palette","0","paint-palette_0.mp4"
50,23,"book","65","book_65.mp4"
50,5,"rubberduck","65","rubberduck_65.mp4"
50,8,"candle","0","candle_0.mp4"
50,15,"calculator","0","calculator_0.mp4"
50,1,"hanger","0","hanger_0.mp4"
50,16,"clock","0","clock_0.mp4"
50,3,"scissors","0","scissors_0.mp4"
50,19,"usb-drive","15","usb-drive_15.mp4"
50,17,"computer-mouse","0","computer-mouse_0.mp4"
50,14,"toothbrush","65","toothbrush_65.mp4"
50,12,"banana","65","banana_65.mp4"
50,18,"lemon","0","lemon_0.mp4"
50,4,"keys","15","keys_15.mp4"
50,11,"apple","65","apple_65.mp4"
51,10,"screwdriver","0","screwdriver_0.mp4"
51,13,"lighter","0","lighter_0.mp4"
51,7,"sunglasses","0","sunglasses_0.mp4"
51,9,"pen","65","pen_65.mp4"
51,21,"cup","65","cup_65.mp4"
51,24,"hairdryer","0","hairdryer_0.mp4"
51,22,"serving-spoon","15","serving-spoon_15.mp4"
51,6,"box-cutter","65","box-cutter_65.mp4"
51,20,"tin-can","65","tin-can_65.mp4"
51,2,"paint-palette","0","paint-palette_0.mp4"
51,23,"book","15","book_15.mp4"
51,5,"rubberduck","15","rubberduck_15.mp4"
51,8,"candle","0","candle_0.mp4"
51,15,"calculator","0","calculator_0.mp4"
51,1,"hanger","0","hanger_0.mp4"
51,16,"clock","0","clock_0.mp4"
51,3,"scissors","0","scissors_0.mp4"
51,19,"usb-drive","65","usb-drive_65.mp4"
51,17,"computer-mouse","0","computer-mouse_0.mp4"
51,14,"toothbrush","15","toothbrush_15.mp4"
51,12,"banana","15","banana_15.mp4"
51,18,"lemon","0","lemon_0.mp4"
51,4,"keys","65","keys_65.mp4"
51,11,"apple","15","apple_15.mp4"
52,10,"screwdriver","0","screwdriver_0.mp4"
52,13,"lighter","0","lighter_0.mp4"
52,7,"sunglasses","0","sunglasses_0.mp4"
52,9,"pen","65","pen_65.mp4"
52,21,"cup","65","cup_65.mp4"
52,24,"hairdryer","0","hairdryer_0.mp4"
52,22,"serving-spoon","15","serving-spoon_15.mp4"
52,6,"box-cutter","65","box-cutter_65.mp4"
52,20,"tin-can","65","tin-can_65.mp4"
52,2,"paint-palette","0","paint-palette_0.mp4"
52,23,"book","15","book_15.mp4"
52,5,"rubberduck","15","rubberduck_15.mp4"
52,8,"candle","0","candle_0.mp4"
52,15,"calculator","0","calculator_0.mp4"
52,1,"hanger","0","hanger_0.mp4"
52,16,"clock","0","clock_0.mp4"
52,3,"scissors","0","scissors_0.mp4"
52,19,"usb-drive","65","usb-drive_65.mp4"
52,17,"computer-mouse","0","computer-mouse_0.mp4"
52,14,"toothbrush","15","toothbrush_15.mp4"
52,12,"banana","15","banana_15.mp4"
52,18,"lemon","0","lemon_0.mp4"
52,4,"keys","65","keys_65.mp4"
52,11,"apple","15","apple_15.mp4"
53,10,"screwdriver","0","screwdriver_0.mp4"
53,13,"lighter","0","lighter_0.mp4"
53,7,"sunglasses","0","sunglasses_0.mp4"
53,9,"pen","65","pen_65.mp4"
53,21,"cup","65","cup_65.mp4"
53,24,"hairdryer","0","hairdryer_0.mp4"
53,22,"serving-spoon","15","serving-spoon_15.mp4"
53,6,"box-cutter","65","box-cutter_65.mp4"
53,20,"tin-can","65","tin-can_65.mp4"
53,2,"paint-palette","0","paint-palette_0.mp4"
53,23,"book","15","book_15.mp4"
53,5,"rubberduck","15","rubberduck_15.mp4"
53,8,"candle","0","candle_0.mp4"
53,15,"calculator","0","calculator_0.mp4"
53,1,"hanger","0","hanger_0.mp4"
53,16,"clock","0","clock_0.mp4"
53,3,"scissors","0","scissors_0.mp4"
53,19,"usb-drive","65","usb-drive_65.mp4"
53,17,"computer-mouse","0","computer-mouse_0.mp4"
53,14,"toothbrush","15","toothbrush_15.mp4"
53,12,"banana","15","banana_15.mp4"
53,18,"lemon","0","lemon_0.mp4"
53,4,"keys","65","keys_65.mp4"
53,11,"apple","15","apple_15.mp4"
54,10,"screwdriver","65","screwdriver_65.mp4"
54,13,"lighter","15","lighter_15.mp4"
54,7,"sunglasses","15","sunglasses_15.mp4"
54,9,"pen","0","pen_0.mp4"
54,21,"cup","0","cup_0.mp4"
54,24,"hairdryer","65","hairdryer_65.mp4"
54,22,"serving-spoon","0","serving-spoon_0.mp4"
54,6,"box-cutter","0","box-cutter_0.mp4"
54,20,"tin-can","0","tin-can_0.mp4"
54,2,"paint-palette","65","paint-palette_65.mp4"
54,23,"book","0","book_0.mp4"
54,5,"rubberduck","0","rubberduck_0.mp4"
54,8,"candle","15","candle_15.mp4"
54,15,"calculator","65","calculator_65.mp4"
54,1,"hanger","15","hanger_15.mp4"
54,16,"clock","15","clock_15.mp4"
54,3,"scissors","65","scissors_65.mp4"
54,19,"usb-drive","0","usb-drive_0.mp4"
54,17,"computer-mouse","15","computer-mouse_15.mp4"
54,14,"toothbrush","0","toothbrush_0.mp4"
54,12,"banana","0","banana_0.mp4"
54,18,"lemon","65","lemon_65.mp4"
54,4,"keys","0","keys_0.mp4"
54,11,"apple","0","apple_0.mp4"
55,10,"screwdriver","15","screwdriver_15.mp4"
55,13,"lighter","65","lighter_65.mp4"
55,7,"sunglasses","65","sunglasses_65.mp4"
55,9,"pen","0","pen_0.mp4"
55,21,"cup","0","cup_0.mp4"
55,24,"hairdryer","15","hairdryer_15.mp4"
55,22,"serving-spoon","0","serving-spoon_0.mp4"
55,6,"box-cutter","0","box-cutter_0.mp4"
55,20,"tin-can","0","tin-can_0.mp4"
55,2,"paint-palette","15","paint-palette_15.mp4"
55,23,"book","0","book_0.mp4"
55,5,"rubberduck","0","rubberduck_0.mp4"
55,8,"candle","65","candle_65.mp4"
55,15,"calculator","15","calculator_15.mp4"
55,1,"hanger","65","hanger_65.mp4"
55,16,"clock","65","clock_65.mp4"
55,3,"scissors","15","scissors_15.mp4"
55,19,"usb-drive","0","usb-drive_0.mp4"
55,17,"computer-mouse","65","computer-mouse_65.mp4"
55,14,"toothbrush","0","toothbrush_0.mp4"
55,12,"banana","0","banana_0.mp4"
55,18,"lemon","15","lemon_15.mp4"
55,4,"keys","0","keys_0.mp4"
55,11,"apple","0","apple_0.mp4"
56,10,"screwdriver","65","screwdriver_65.mp4"
56,13,"lighter","15","lighter_15.mp4"
56,7,"sunglasses","15","sunglasses_15.mp4"
56,9,"pen","0","pen_0.mp4"
56,21,"cup","0","cup_0.mp4"
56,24,"hairdryer","65","hairdryer_65.mp4"
56,22,"serving-spoon","0","serving-spoon_0.mp4"
56,6,"box-cutter","0","box-cutter_0.mp4"
56,20,"tin-can","0","tin-can_0.mp4"
56,2,"paint-palette","65","paint-palette_65.mp4"
56,23,"book","0","book_0.mp4"
56,5,"rubberduck","0","rubberduck_0.mp4"
56,8,"candle","15","candle_15.mp4"
56,15,"calculator","65","calculator_65.mp4"
56,1,"hanger","15","hanger_15.mp4"
56,16,"clock","15","clock_15.mp4"
56,3,"scissors","65","scissors_65.mp4"
56,19,"usb-drive","0","usb-drive_0.mp4"
56,17,"computer-mouse","15","computer-mouse_15.mp4"
56,14,"toothbrush","0","toothbrush_0.mp4"
56,12,"banana","0","banana_0.mp4"
56,18,"lemon","65","lemon_65.mp4"
56,4,"keys","0","keys_0.mp4"
56,11,"apple","0","apple_0.mp4"
57,10,"screwdriver","15","screwdriver_15.mp4"
57,13,"lighter","65","lighter_65.mp4"
57,7,"sunglasses","65","sunglasses_65.mp4"
57,9,"pen","0","pen_0.mp4"
57,21,"cup","0","cup_0.mp4"
57,24,"hairdryer","15","hairdryer_15.mp4"
57,22,"serving-spoon","0","serving-spoon_0.mp4"
57,6,"box-cutter","0","box-cutter_0.mp4"
57,20,"tin-can","0","tin-can_0.mp4"
57,2,"paint-palette","15","paint-palette_15.mp4"
57,23,"book","0","book_0.mp4"
57,5,"rubberduck","0","rubberduck_0.mp4"
57,8,"candle","65","candle_65.mp4"
57,15,"calculator","15","calculator_15.mp4"
57,1,"hanger","65","hanger_65.mp4"
57,16,"clock","65","clock_65.mp4"
57,3,"scissors","15","scissors_15.mp4"
57,19,"usb-drive","0","usb-drive_0.mp4"
57,17,"computer-mouse","65","computer-mouse_65.mp4"
57,14,"toothbrush","0","toothbrush_0.mp4"
57,12,"banana","0","banana_0.mp4"
57,18,"lemon","15","lemon_15.mp4"
57,4,"keys","0","keys_0.mp4"
57,11,"apple","0","apple_0.mp4"
58,10,"screwdriver","15","screwdriver_15.mp4"
58,13,"lighter","65","lighter_65.mp4"
58,7,"sunglasses","65","sunglasses_65.mp4"
58,9,"pen","0","pen_0.mp4"
58,21,"cup","0","cup_0.mp4"
58,24,"hairdryer","15","hairdryer_15.mp4"
58,22,"serving-spoon","0","serving-spoon_0.mp4"
58,6,"box-cutter","0","box-cutter_0.mp4"
58,20,"tin-can","0","tin-can_0.mp4"
58,2,"paint-palette","15","paint-palette_15.mp4"
58,23,"book","0","book_0.mp4"
58,5,"rubberduck","0","rubberduck_0.mp4"
58,8,"candle","65","candle_65.mp4"
58,15,"calculator","15","calculator_15.mp4"
58,1,"hanger","65","hanger_65.mp4"
58,16,"clock","65","clock_65.mp4"
58,3,"scissors","15","scissors_15.mp4"
58,19,"usb-drive","0","usb-drive_0.mp4"
58,17,"computer-mouse","65","computer-mouse_65.mp4"
58,14,"toothbrush","0","toothbrush_0.mp4"
58,12,"banana","0","banana_0.mp4"
58,18,"lemon","15","lemon_15.mp4"
58,4,"keys","0","keys_0.mp4"
58,11,"apple","0","apple_0.mp4"
59,10,"screwdriver","15","screwdriver_15.mp4"
59,13,"lighter","65","lighter_65.mp4"
59,7,"sunglasses","65","sunglasses_65.mp4"
59,9,"pen","0","pen_0.mp4"
59,21,"cup","0","cup_0.mp4"
59,24,"hairdryer","15","hairdryer_15.mp4"
59,22,"serving-spoon","0","serving-spoon_0.mp4"
59,6,"box-cutter","0","box-cutter_0.mp4"
59,20,"tin-can","0","tin-can_0.mp4"
59,2,"paint-palette","15","paint-palette_15.mp4"
59,23,"book","0","book_0.mp4"
59,5,"rubberduck","0","rubberduck_0.mp4"
59,8,"candle","65","candle_65.mp4"
59,15,"calculator","15","calculator_15.mp4"
59,1,"hanger","65","hanger_65.mp4"
59,16,"clock","65","clock_65.mp4"
59,3,"scissors","15","scissors_15.mp4"
59,19,"usb-drive","0","usb-drive_0.mp4"
59,17,"computer-mouse","65","computer-mouse_65.mp4"
59,14,"toothbrush","0","toothbrush_0.mp4"
59,12,"banana","0","banana_0.mp4"
59,18,"lemon","15","lemon_15.mp4"
59,4,"keys","0","keys_0.mp4"
59,11,"apple","0","apple_0.mp4"
60,10,"screwdriver","65","screwdriver_65.mp4"
60,13,"lighter","15","lighter_15.mp4"
60,7,"sunglasses","15","sunglasses_15.mp4"
60,9,"pen","0","pen_0.mp4"
60,21,"cup","0","cup_0.mp4"
60,24,"hairdryer","65","hairdryer_65.mp4"
60,22,"serving-spoon","0","serving-spoon_0.mp4"
60,6,"box-cutter","0","box-cutter_0.mp4"
60,20,"tin-can","0","tin-can_0.mp4"
60,2,"paint-palette","65","paint-palette_65.mp4"
60,23,"book","0","book_0.mp4"
60,5,"rubberduck","0","rubberduck_0.mp4"
60,8,"candle","15","candle_15.mp4"
60,15,"calculator","65","calculator_65.mp4"
60,1,"hanger","15","hanger_15.mp4"
60,16,"clock","15","clock_15.mp4"
60,3,"scissors","65","scissors_65.mp4"
60,19,"usb-drive","0","usb-drive_0.mp4"
60,17,"computer-mouse","15","computer-mouse_15.mp4"
60,14,"toothbrush","0","toothbrush_0.mp4"
60,12,"banana","0","banana_0.mp4"
60,18,"lemon","65","lemon_65.mp4"
60,4,"keys","0","keys_0.mp4"
60,11,"apple","0","apple_0.mp4"
61,10,"screwdriver","0","screwdriver_0.mp4"
61,13,"lighter","0","lighter_0.mp4"
61,7,"sunglasses","0","sunglasses_0.mp4"
61,9,"pen","65","pen_65.mp4"
61,21,"cup","65","cup_65.mp4"
61,24,"hairdryer","0","hairdryer_0.mp4"
61,22,"serving-spoon","15","serving-spoon_15.mp4"
61,6,"box-cutter","65","box-cutter_65.mp4"
61,20,"tin-can","65","tin-can_65.mp4"
61,2,"paint-palette","0","paint-palette_0.mp4"
61,23,"book","15","book_15.mp4"
61,5,"rubberduck","15","rubberduck_15.mp4"
61,8,"candle","0","candle_0.mp4"
61,15,"calculator","0","calculator_0.mp4"
61,1,"hanger","0","hanger_0.mp4"
61,16,"clock","0","clock_0.mp4"
61,3,"scissors","0","scissors_0.mp4"
61,19,"usb-drive","65","usb-drive_65.mp4"
61,17,"computer-mouse","0","computer-mouse_0.mp4"
61,14,"toothbrush","15","toothbrush_15.mp4"
61,12,"banana","15","banana_15.mp4"
61,18,"lemon","0","lemon_0.mp4"
61,4,"keys","65","keys_65.mp4"
61,11,"apple","15","apple_15.mp4"
62,10,"screwdriver","15","screwdriver_15.mp4"
62,13,"lighter","65","lighter_65.mp4"
62,7,"sunglasses","65","sunglasses_65.mp4"
62,9,"pen","0","pen_0.mp4"
62,21,"cup","0","cup_0.mp4"
62,24,"hairdryer","15","hairdryer_15.mp4"
62,22,"serving-spoon","0","serving-spoon_0.mp4"
62,6,"box-cutter","0","box-cutter_0.mp4"
62,20,"tin-can","0","tin-can_0.mp4"
62,2,"paint-palette","15","paint-palette_15.mp4"
62,23,"book","0","book_0.mp4"
62,5,"rubberduck","0","rubberduck_0.mp4"
62,8,"candle","65","candle_65.mp4"
62,15,"calculator","15","calculator_15.mp4"
62,1,"hanger","65","hanger_65.mp4"
62,16,"clock","65","clock_65.mp4"
62,3,"scissors","15","scissors_15.mp4"
62,19,"usb-drive","0","usb-drive_0.mp4"
62,17,"computer-mouse","65","computer-mouse_65.mp4"
62,14,"toothbrush","0","toothbrush_0.mp4"
62,12,"banana","0","banana_0.mp4"
62,18,"lemon","15","lemon_15.mp4"
62,4,"keys","0","keys_0.mp4"
62,11,"apple","0","apple_0.mp4"
63,10,"screwdriver","65","screwdriver_65.mp4"
63,13,"lighter","15","lighter_15.mp4"
63,7,"sunglasses","15","sunglasses_15.mp4"
63,9,"pen","0","pen_0.mp4"
63,21,"cup","0","cup_0.mp4"
63,24,"hairdryer","65","hairdryer_65.mp4"
63,22,"serving-spoon","0","serving-spoon_0.mp4"
63,6,"box-cutter","0","box-cutter_0.mp4"
63,20,"tin-can","0","tin-can_0.mp4"
63,2,"paint-palette","65","paint-palette_65.mp4"
63,23,"book","0","book_0.mp4"
63,5,"rubberduck","0","rubberduck_0.mp4"
63,8,"candle","15","candle_15.mp4"
63,15,"calculator","65","calculator_65.mp4"
63,1,"hanger","15","hanger_15.mp4"
63,16,"clock","15","clock_15.mp4"
63,3,"scissors","65","scissors_65.mp4"
63,19,"usb-drive","0","usb-drive_0.mp4"
63,17,"computer-mouse","15","computer-mouse_15.mp4"
63,14,"toothbrush","0","toothbrush_0.mp4"
63,12,"banana","0","banana_0.mp4"
63,18,"lemon","65","lemon_65.mp4"
63,4,"keys","0","keys_0.mp4"
63,11,"apple","0","apple_0.mp4"
64,10,"screwdriver","15","screwdriver_15.mp4"
64,13,"lighter","65","lighter_65.mp4"
64,7,"sunglasses","65","sunglasses_65.mp4"
64,9,"pen","0","pen_0.mp4"
64,21,"cup","0","cup_0.mp4"
64,24,"hairdryer","15","hairdryer_15.mp4"
64,22,"serving-spoon","0","serving-spoon_0.mp4"
64,6,"box-cutter","0","box-cutter_0.mp4"
64,20,"tin-can","0","tin-can_0.mp4"
64,2,"paint-palette","15","paint-palette_15.mp4"
64,23,"book","0","book_0.mp4"
64,5,"rubberduck","0","rubberduck_0.mp4"
64,8,"candle","65","candle_65.mp4"
64,15,"calculator","15","calculator_15.mp4"
64,1,"hanger","65","hanger_65.mp4"
64,16,"clock","65","clock_65.mp4"
64,3,"scissors","15","scissors_15.mp4"
64,19,"usb-drive","0","usb-drive_0.mp4"
64,17,"computer-mouse","65","computer-mouse_65.mp4"
64,14,"toothbrush","0","toothbrush_0.mp4"
64,12,"banana","0","banana_0.mp4"
64,18,"lemon","15","lemon_15.mp4"
64,4,"keys","0","keys_0.mp4"
64,11,"apple","0","apple_0.mp4"
